Stock_ID,MF_Name,Index_fund_Name
S1,360 ONE WAM Ltd.,360 ONE WAM Ltd.
S2,3M CO.,Not present
S3,3M India Ltd.,3M India Ltd.
S4,5Paisa Capital Ltd.,Not present
S5,Aarti Drugs Ltd.,Aarti Drugs Ltd.
S6,Aarti Industries Ltd.,Aarti Industries Ltd.
S7,Aarti Pharmalabs Ltd.,Aarti Pharmalabs Ltd.
S8,Aavas Financiers Ltd.,Aavas Financiers Ltd.
S9,ABB India Ltd.,ABB India Ltd.
S10,ABB Power Products and Systems India Ltd.,Not present
S11,Abbott India Ltd.,Abbott India Ltd.
S12,Abbott Laboratories,Not present
S13,Accelya Solutions India Ltd.,Accelya Solutions India Ltd.
S14,Accenture PLC,Not present
S15,Accord Cotsyn Ltd.,Not present
S16,Accton Technology Corporation,Not present
S17,Acrysil Ltd.,Not present
S18,Action Construction Equipment Ltd.,Action Construction Equipment Ltd.
N1,Adani Energy Solutions Ltd.,Adani Energy Solutions Ltd.
S19,Adani Enterprises Ltd.,Adani Enterprises Ltd.
S20,Adani Green Energy Ltd.,Adani Green Energy Ltd.
S21,Adani Ports And Special Economic Zone Ltd.,Adani Ports and Special Economic Zone Ltd.
S22,Adani Power Ltd.,Adani Power Ltd.
N2,Adani Total Gas Ltd.,Adani Total Gas Ltd.
N3,Adani Wilmar Ltd.,Adani Wilmar Ltd.
S23,Aditya Birla Capital Ltd.,Aditya Birla Capital Ltd.
S24,Aditya Birla Fashion and Retail Ltd.,Aditya Birla Fashion and Retail Ltd.
S25,Aditya Birla Sun Life AMC Ltd.,Not present
S26,Aditya Vision Ltd.,Not present
S27,Adobe Systems,Not present
S28,Ador Welding Ltd.,Not present
S29,Advanced Enzyme Technologies Ltd.,Advanced Enzyme Tech Ltd.
S30,Advanced Micro Devices Com.,Not present
S31,Aegis Logistics Ltd.,Aegis Logistics Ltd.
S32,Aeroflex Industries Ltd.,Not present
S33,Aether Industries Ltd.,Aether Industries Ltd.
S34,Affle India Ltd.,Affle (India) Ltd.
N6,AGI Greenpac Ltd.,AGI Greenpac Ltd.
S35,Agilent Technologies Inc,Not present
S36,Agro Tech Foods Ltd.,Not present
S37,Ahluwalia Contracts (India) Ltd.,Ahluwalia Contracts (India) Ltd.
S38,AIA Engineering Ltd.,AIA Engineering Ltd.
S39,AIA Group Ltd.,Not present
S40,Air Products and Chemicals,Not present
S41,Ajanta Pharma Limited,Ajanta Pharmaceuticals Ltd.
S42,Ajinomoto Co Inc,Not present
S43,Akzo Nobel India Ltd.,Not present
S44,Alchip Technologies Ltd.,Not present
S45,ALCON INC,Not present
S46,Alembic Pharmaceuticals Ltd.,Alembic Pharmaceuticals Ltd.
S47,Alibaba Group Holding Ltd.,Not present
S48,Alicon Castalloy Ltd.,Not present
S49,Alkem Laboratories Ltd.,Alkem Laboratories Ltd.
S50,Alkyl Amines Chemicals Ltd.,Alkyl Amines Chemicals Ltd.
S51,All Ring Tech Co Ltd.,Not present
S52,Allcargo Logistics Ltd.,Allcargo Logistics Ltd.
S53,Allegion PLC,Not present
S54,Allied Circuit Co Ltd.,Not present
N8,Alok Industries Ltd.,Alok Industries Ltd.
S55,Alphabet Inc,Not present
S56,Alphabet Inc Class C,Not present
S57,Altria Group Inc,Not present
S58,Amara Raja Batteries Limited,Not present
N9,Amara Raja Energy & Mobility Ltd.,Amara Raja Energy & Mobility Ltd.
S59,Amazon.com,Not present
S60,Amber Enterprises India Ltd.,Amber Enterprises India Ltd.
S61,Ambuja Cements Ltd.,Ambuja Cements Ltd.
S62,Amerisource Bergen Corp,Not present
S63,AMETEK Inc,Not present
S64,Amex Carbonates & Chemicals Ltd.,Not present
S65,Ami Organics Ltd.,Ami Organics Ltd.
S66,Amrutanjan Health Care Ltd.,Not present
S67,Analog Devices,Not present
N10,Anand Rathi Wealth Ltd.,Anand Rathi Wealth Ltd.
S68,Anand Rathi Wealth Services Ltd.,Not present
S69,Anant Raj Industries Ltd.,Anant Raj Ltd.
S70,Angel One Ltd.,Angel One Ltd.
S71,Anthem INC,Not present
S72,Antony Waste Handling Cell Ltd.,Not present
S73,Anupam Rasayan India Ltd.,Anupam Rasayan India Ltd.
S74,Apar Industries Ltd.,Apar Industries Ltd.
S75,Apeejay Surrendra Park Hotels Ltd.,Not present
S76,APL Apollo Tubes Ltd.,APL Apollo Tubes Ltd.
S77,Apollo Hospitals Enterprises Ltd.,Apollo Hospitals Enterprise Ltd.
S78,Apollo Hospitals Enterprises Ltd. : Futures Near,Not present
S79,Apollo Pipes Ltd.,Not present
S80,Apollo Tyres Limited,Apollo Tyres Ltd.
S81,Apple,Not present
S82,Aptus Value Housing Finance India Ltd.,Aptus Value Housing Finance India Ltd.
S83,Archean Chemical Industries Ltd.,Archean Chemical Industries Ltd.
S84,Argosy Research Inc,Not present
S85,Arista Networks Inc,Not present
S86,Arman Financial Services Ltd.,Not present
S87,Artemis Medicare Services Ltd.,Not present
S88,Arvind Fashions Ltd.,Arvind Fashions Ltd.
S89,Arvind Ltd.,Arvind Ltd.
S90,Arvind SmartSpaces Ltd.,Not present
S91,Asahi Group Holdings Ltd.,Not present
S92,Asahi India Glass Ltd.,Asahi India Glass Ltd.
S93,Ashapura Minechem Ltd.,Not present
S94,Ashiana Housing Ltd.,Not present
S95,Ashok Leyland Ltd.,Ashok Leyland Ltd.
S96,Ashoka Buildcon Ltd.,Ashoka Buildcon Ltd.
S97,Asia Vital Components Co Ltd.,Not present
S98,Asian Paints (india) Ltd.,Asian Paints Ltd.
S99,Asian Paints (india) Ltd. : Futures Near,Not present
S100,Ask Automotive Ltd.,ASK Automotive Ltd.
S101,Asmedia Technology Inc.,Not present
S102,ASML Holding NV,Not present
S103,Associated Alcohols and Breweries Ltd.,Not present
S104,Associated Cement Companies Ltd.,ACC Ltd.
S105,Astec Lifesciences Ltd.,Not present
S106,Aster DM Healthcare Ltd.,Aster DM Healthcare Ltd.
S107,Astra Microwave Products Ltd.,Astra Microwave Products Ltd.
S108,Astral Ltd.,Astral Ltd.
S109,AstraZeneca Pharma India Ltd.,AstraZenca Pharma India Ltd.
S110,AstraZeneca PLC,Not present
S111,Atul Auto Ltd.,Not present
S112,Atul Ltd.,Atul Ltd.
S113,Au Small Finance Bank Ltd.,AU Small Finance Bank Ltd.
S114,Aurobindo Pharma Ltd.,Aurobindo Pharma Ltd.
S115,Autodesk,Not present
S116,Automotive Axles Ltd.,Not present
S117,Autozone Inc,Not present
S118,Avalon Technologies Ltd.,Avalon Technologies Ltd.
S119,Avanti Feeds Ltd.,Avanti Feeds Ltd.
S120,Avenue Supermarts Ltd.,Avenue Supermarts Ltd.
S121,Axis Bank Ltd.,Axis Bank Ltd.
S122,AXISCADES Engineering Technologies Ltd.,Not present
S123,Azad Engineering Ltd.,Azad Engineering Ltd.
S124,Baidu Inc.,Not present
S125,Bajaj Auto Ltd.,Bajaj Auto Ltd.
S126,Bajaj Consumer Care Ltd.,Bajaj Consumer Care Ltd.
S127,Bajaj Electricals Ltd.,Not present
S128,Bajaj Finance Ltd.,Bajaj Finance Ltd.
S129,Bajaj Finserv Ltd,Bajaj Finserv Ltd.
N17,Bajaj Hindusthan Sugar Ltd.,Bajaj Hindusthan Sugar Ltd.
S130,Bajaj Holdings & Investment Ltd.,Bajaj Holdings & Investment Ltd.
S131,Bajel Projects Ltd.,Not present
N18,Balaji Amines Ltd.,Balaji Amines Ltd.
S132,Balkrishna Industries Ltd.,Balkrishna Industries Ltd.
S133,Balmer Lawrie & Co. Ltd.,Balmer Lawrie & Co. Ltd.
S134,Balrampur Chini Mills Ltd.,Balrampur Chini Mills Ltd.
N19,Banco Products (India) Ltd.,Banco Products (India) Ltd.
S135,Bandhan Bank Ltd.,Bandhan Bank Ltd.
S136,Bangkok Dusit Medical Services PCL,Not present
S137,Bank of America Corportion,Not present
S138,Bank Of Baroda,Bank of Baroda
S139,Bank Of Baroda : Futures Near,Not present
S140,Bank Of India,Bank of India
S141,Bank of Maharashtra,Bank of Maharashtra
S142,Bank of New York Mellon (US),Not present
S143,BarbequeNation Hospitality Ltd.,Barbeque Nation Hospitality Ltd.
S144,BASF India Ltd.,BASF India Ltd.
S145,Bata India Ltd.,Bata India Ltd.
S146,Bata India Ltd. : Futures Near,Not present
S147,BayCurrent Consulting Inc,Not present
S148,Bayer Cropscience Ltd.,Bayer Cropscience Ltd.
S149,Beml Land Assets Ltd.,Not present
N21,BEML Ltd.,BEML Ltd.
S150,Berger Paints India Ltd.,Berger Paints India Ltd.
S151,Berkshire Hathaway Inc,Not present
S152,Best Agrolife Ltd.,Not present
N22,Bhansali Engineering Polymers Ltd.,Bhansali Engineering Polymers Ltd.
S153,Bharat Bijlee Ltd.,Not present
S154,Bharat Dynamics Ltd.,Bharat Dynamics Ltd.
S155,Bharat Earth Movers Ltd.,Not present
S156,Bharat Electronics Ltd.,Bharat Electronics Ltd.
S157,Bharat Electronics Ltd. : Futures Near,Not present
S158,Bharat Forge Ltd.,Bharat Forge Ltd.
S159,Bharat Heavy Electricals Ltd.,Bharat Heavy Electricals Ltd.
S160,Bharat Heavy Electricals Ltd. : Futures Near,Not present
S161,Bharat Petroleum Corporation Ltd.,Bharat Petroleum Corporation Ltd.
S162,Bharat Rasayan Ltd.,Not present
S163,Bharti Airtel Ltd.,Bharti Airtel Ltd.
S164,Bharti Airtel Ltd. Partly Paid,Not present
S165,Bikaji Foods International Ltd.,Bikaji Foods International Ltd.
S166,Biocon Ltd.,Biocon Ltd.
S167,Biogen Idec,Not present
S168,Birla Corporation Ltd.,Birla Corporation Ltd.
S169,Birlasoft Ltd.,Birlasoft Ltd.
S170,Blackrock ORD SHS US,Not present
S171,BLS International Services Ltd.,BLS International Services Ltd.
S172,Blue Dart Express Ltd.,Blue Dart Express Ltd.
S173,Blue Jet Healthcare Ltd.,Blue Jet Healthcare Ltd.
S174,Blue Star Ltd.,Blue Star Ltd.
S175,Bombay Burmah Trading Corporation Ltd.,Bombay Burmah Trading Corporation Ltd.
N23,Bombay Dyeing & Manufacturing Co. Ltd.,Bombay Dyeing & Manufacturing Co. Ltd.
S176,Bond Axis Finance Ltd.,Not present
S177,Bond Bajaj Housing Finance Ltd.,Not present
S178,Bond Canara Bank,Not present
S179,Bond DBS Bank Ltd.,Not present
S180,Bond HDB Financial Services Ltd.,Not present
S181,Bond ICICI Home Finance Company Ltd.,Not present
S182,Bond Indian Railway Finance Corporation Ltd.,Not present
S183,Bond Kotak Mahindra Prime Ltd.,Not present
S184,Bond Mangalore Refinery & Petrochemicals Ltd.,Not present
S185,Bond National Bank for Agriculture & Rural Development,Not present
S186,Bond National Highways Authority of India,Not present
S187,Bond NIIF Infrastructure Finance Ltd.,Not present
S188,Bond Nuclear Power Corporation of India Limited,Not present
S189,Bond Power Finance Corporation Ltd.,Not present
S190,Bond Power Grid Corporation of India Ltd.,Not present
S191,Bond Punjab National Bank,Not present
S192,Bond Rural Electrification Corporation Limited,Not present
S193,Bond Small Industries Development Bank Of India,Not present
S194,Bond SMFG India Credit Ltd.,Not present
S195,Bond Standard Chartered Capital Ltd.,Not present
S196,Bond Summit Digitel Infrastructure Pvt Ltd.,Not present
S197,Bond Tata Capital Ltd.,Not present
S198,Bond TBill,Not present
S199,Booking Holdings Inc,Not present
S200,Borosil Glass Works Ltd.,Not present
S201,Borosil Ltd.,Not present
N24,Borosil Renewables Ltd.,Borosil Renewables Ltd.
S202,Borosil Scientific Ltd.,Not present
S203,Bosch Ltd.,Bosch Ltd.
S204,Boston Scientific Corp,Not present
S205,Brigade Enterprises Ltd.,Brigade Enterprises Ltd.
S206,Bristol Myers Squibb Co,Not present
S207,Britannia Industries Ltd.,Britannia Industries Ltd.
S208,British American Tobacco,Not present
S209,BROOKS Laboratories Ltd.,Not present
S210,BSE Ltd.,BSE Ltd.
S211,Budweiser Brewing Co. APAC Ltd.,Not present
S212,Bunzl PLC,Not present
S213,Burger King India Ltd.,Not present
S214,Butterfly Gandhimathi Appliances Ltd.,Not present
S215,C.E. Info Systems Ltd.,C.E. Info Systems Ltd.
S216,Camlin Fine Sciences Ltd.,Camlin Fine Sciences Ltd.
S217,Campbell Soup Company,Not present
S218,Campus Activewear Ltd.,Campus Activewear Ltd.
S219,Can Fin Homes Ltd.,Can Fin Homes Ltd.
S220,Canadian Pacific Kansas City Ltd.,Not present
S221,Canara Bank,Canara Bank
S222,Capacite Infraprojects Ltd.,Not present
S223,Capital Small Finance Bank Ltd.,Not present
S224,Caplin Point Laboratories Ltd.,Caplin Point Laboratories Ltd.
S225,Capri Global Capital Ltd.,Capri Global Capital Ltd.
S226,Carborundum Universal Ltd.,Carborundum Universal Ltd.
S227,Care Ratings Ltd.,CARE Ratings Ltd.
S228,Carmax Inc,Not present
S229,Cartrade Tech Ltd.,Cartrade Tech Ltd.
S230,Castrol (india) Ltd.,Castrol India Ltd.
S231,CCL Products (India) Ltd.,CCL Products (I) Ltd.
S232,Ceat Ltd.,Ceat Ltd.
S233,Cello World Ltd.,Cello World Ltd.
N27,Central Bank of India,Central Bank of India
S234,Central Depository Services (India) Ltd.,Central Depository Services (India) Ltd.
S235,Centum Electronics Ltd,Not present
S236,Century Enka Ltd.,Not present
S237,Century Plyboards India Ltd.,Century Plyboards (India) Ltd.
S238,Century Textile & Industries Ltd.,Century Textile & Industries Ltd.
N29,Cera Sanitaryware Ltd,Not present
S239,Cera Sanitaryware Ltd.,Cera Sanitaryware Ltd
S240,Cesc Ltd.,CESC Ltd.
S241,CG Power and Industrial Solutions Ltd.,CG Power and Industrial Solutions Ltd.
S242,Chalet Hotels Ltd.,Chalet Hotels Ltd.
S243,Chambal Fertilizers & Chemicals Ltd.,Chambal Fertilizers & Chemicals Ltd.
S244,Charles Schwab Corp.,Not present
S245,Chemcon Speciality Chemicals Ltd.,Not present
S246,Chemplast Sanmar Ltd.,Chemplast Sanmar Ltd.
S247,Chennai Petroleum Corporation Ltd,Chennai Petroleum Corporation Ltd.
S248,Chennai Super Kings Cricket Ltd.,Not present
S249,China Mengniu Dairy Co. Ltd.,Not present
S250,China Merchants Bank Co. Ltd.,Not present
S251,China Motor Corporation,Not present
N31,Choice International Ltd.,Choice International Ltd.
S252,Cholamandalam Financial Holdings Ltd.,Cholamandalam Financial Holdings Ltd.
S253,Cholamandalam Investment & Finance Co. Ltd.,Cholamandalam Investment and Finance Company Ltd.
S254,CIE AUTOMOTIVE INDIA Ltd.,CIE Automotive India Ltd.
N33,Cigniti Technologies Ltd.,Cigniti Technologies Ltd.
S255,Cipla Ltd.,Cipla Ltd.
S256,City Online Services Ltd,Not present
S257,City Union Bank Ltd.,City Union Bank Ltd.
S258,Clariant Chemicals (India) Ltd.,Not present
S259,Clean Science and Technology Ltd.,Clean Science and Technology Ltd.
S260,Cms Info Systems Ltd.,CMS Info Systems Ltd.
S261,Coal India Ltd.,Coal India Ltd.
S262,Coal India Ltd. : Futures Near,Not present
S263,CocaCola Co,Not present
S264,Cochin Shipyard Ltd.,Cochin Shipyard Ltd.
S265,Coforge Ltd.,Coforge Ltd.
S266,Cognizant Technology Solutions Corp.,Not present
S267,Colgate Palmolive (India) Limited,Colgate Palmolive (India) Ltd.
S268,Comcast Corporation,Not present
S269,Commercial Engineers & Body Builders Co. Ltd.,Not present
S270,Computer Age Management Services Pvt Ltd.,Computer Age Management Services Ltd.
S271,Concord Biotech Ltd.,Concord Biotech Ltd.
S272,Confidence Petroleum India Ltd.,Confidence Petroleum India Ltd.
S273,Container Corporation Of India Ltd.,Container Corporation of India Ltd.
S274,Container Corporation Of India Ltd. : Futures Near,Not present
S275,Coromandel International Ltd.,Coromandel International Ltd.
S276,Corteva Inc,Not present
S277,Costco Wholesale Corporation,Not present
S278,Craftsman Automation Ltd.,Craftsman Automation Ltd.
S279,CreditAccess Grameen Ltd.,CreditAccess Grameen Ltd.
S280,Credo Brands Marketing Ltd.,Not present
S281,Crescent Finstock Ltd.,Not present
S282,CRISIL Ltd.,CRISIL Ltd.
S283,Crompton Greaves Consumer Electricals Ltd.,Crompton Greaves Consumer Electricals Ltd.
S284,Crowdstrike Holdings Inc,Not present
S285,Crystal Cable Industries Ltd.,Not present
S286,CSB Bank Ltd.,CSB Bank Ltd.
S287,Cummins India Ltd.,Cummins India Ltd.
S288,CVS Caremark Corp,Not present
S289,Cyient DLM Ltd.,Cyient DLM Ltd.
S290,Cyient Ltd.,Cyient Ltd.
N36,D.B.Corp Ltd.,D.B.Corp Ltd.
S291,Dabur India Ltd.,Dabur India Ltd.
S292,Daiichi Life Holdings Inc,Not present
S293,Daikin Industries Ltd.,Not present
S294,Daiwa House,Not present
S295,Dalmia Bharat Ltd.,Dalmia Bharat Ltd.
N37,Dalmia Bharat Sugar and Industries Ltd.,Dalmia Bharat Sugar and Industries Ltd.
S296,Data Patterns India Ltd.,Data Patterns (India) Ltd.
N39,Datamatics Global Services Ltd.,Datamatics Global Services Ltd.
S297,DB Corp Ltd.,Not present
S298,DBS Group Holdings Ltd.,Not present
S299,DCB Bank Ltd.,DCB Bank Ltd.
S300,DCM Shriram Ltd.,DCM Shriram Ltd.
S301,DCX Systems Ltd.,DCX Systems Ltd.
S302,Deepak Fertilisers & Petrochemicals Corp. Ltd.,Deepak Fertilisers & Petrochemicals Corp. Ltd.
S303,Deepak Nitrite Ltd.,Deepak Nitrite Ltd.
S304,Deldot Systems (P) Ltd.,Not present
S305,Delhivery Ltd.,Delhivery Ltd.
S306,Delta Corp Ltd.,Delta Corp Ltd.
N40,Den Networks Ltd.,Den Networks Ltd.
S307,Denso Corp,Not present
S308,Devyani International Ltd.,Devyani International Ltd.
N41,Dhani Services Ltd.,Dhani Services Ltd.
S309,Dhanuka Agritech Ltd.,Dhanuka Agritech Ltd.
S310,Digidrive Distributors Ltd.,Not present
S311,Dilip Buildcon Ltd.,Dilip Buildcon Ltd.
S312,Disa India Ltd.,Not present
S313,Dish T V India Ltd.,Dish TV India Ltd.
S314,Dishman Carbogen Amcis Ltd.,Dishman Carbogen Amcis Ltd.
S315,Divgi Torqtransfer Systems Private Ltd.,Not present
S316,Divis Laboratories Ltd.,Divi's Laboratories Ltd.
S317,Dixon Technologies (India) Ltd.,Dixon Technologies (India) Ltd.
S318,DLF Ltd.,DLF Ltd.
S319,Dodla Dairy Ltd.,Dodla Dairy Ltd.
S320,Doms Industries Ltd.,DOMS Industries Ltd.
S321,DR. LAL PATHLABS Ltd.,Dr. Lal Path Labs Ltd.
S322,Dr. Reddys Laboratories Ltd.,Dr. Reddy's Laboratories Ltd.
S323,Dreamfolks Services Ltd.,Dreamfolks Services Ltd.
S324,DSQ Software Ltd,Not present
S325,Dynamatic Technologies Ltd.,Not present
S326,Dynamic Holding Co Ltd,Not present
N46,E.I.D. Parry (India) Ltd.,E.I.D. Parry (India) Ltd.
N47,Easy Trip Planners Ltd.,Easy Trip Planners Ltd.
S327,Eaton Corp PLC,Not present
S328,eClerx Services Ltd.,eClerx Services Ltd.
S329,Ecolab Inc,Not present
N48,Edelweiss Financial Services Ltd.,Edelweiss Financial Services Ltd.
S330,Edelweiss Securities Pvt. Ltd.,Not present
S331,Eicher Motors Ltd.,Eicher Motors Ltd.
S332,EIDParry (India) Ltd.,Not present
S333,EIH Ltd,EIH Ltd.
S334,Elantas Beck India Ltd.,Not present
S335,Elbee Services Ltd.,Not present
S336,Elecon Engineering Co. Ltd.,Elecon Engineering Co. Ltd.
S337,Electronic Arts,Not present
S338,Electronics Mart lndia Ltd.,Electronics Mart India Ltd.
S339,Electrosteel Castings Ltd.,Electrosteel Castings Ltd.
S340,Elgi Equipments Ltd.,Elgi Equipments Ltd.
S341,ELI LILLY ORD SHS,Not present
S342,Elin Electronics Ltd.,Not present
S343,Elite Material Co Ltd.,Not present
S344,Emami Ltd.,Emami Ltd.
S345,Emami Paper Mills Ltd.,Not present
S346,Embassy Office Parks Reit,Not present
S347,eMemory Technology Inc,Not present
S348,Emerson Electric ORD,Not present
S349,Emudhra Ltd.,eMudhra Ltd.
S350,Endurance Technologies Ltd.,Endurance Technologies Ltd.
S351,Engineers India Ltd.,Engineers India Ltd.
S352,Epack Durable Ltd.,Not present
S353,EPAM Systems Inc,Not present
N51,Epigral Ltd.,Epigral Ltd.
S354,EPL Ltd.,EPL Ltd.
S355,Equifax Inc.,Not present
S356,Equitas Small Finance Bank Ltd.,Equitas Small Finance Bank Ltd.
S357,Eris Lifesciences Ltd.,Eris Lifesciences Ltd.
S358,Esab India Ltd.,Not present
N52,ESAF Small Finance Bank Ltd.,ESAF Small Finance Bank Ltd.
S359,Escorts Kubota Ltd.,Escorts Kubota Ltd.
S360,Escorts Ltd.,Not present
S361,Estee Lauder CL,Not present
S362,Ethos Ltd.,Ethos Ltd.
S363,Etsy Inc,Not present
S364,Eureka Forbes Ltd.,Not present
S365,Eveready Industries India Ltd.,Eveready Industries India Ltd.
S366,Exicom TeleSystems Ltd.,Not present
S367,Exide Industries Ltd.,Exide Industries Ltd.
S368,Expleo Solutions Ltd.,Not present
S369,Facebook,Not present
S370,Fairchem Speciality Ltd.,Not present
S371,Faraday Technology Corp,Not present
S372,Fast Retailing Co.Ltd.,Not present
S373,Faze Three Ltd.,Not present
S374,FDC Ltd.,FDC Ltd.
S375,Fedbank Financial Services Ltd.,Fedbank Financial Services Ltd.
S376,Federal Bank Ltd.,Federal Bank Ltd.
S377,FederalMogul Goetze (India) Ltd.,Not present
N53,Fertilisers and Chemicals Travancore Ltd.,Fertilisers and Chemicals Travancore Ltd.
S378,Fidelity National Information Services Inc,Not present
S379,Fiem Industries Ltd.,Fiem Industries Ltd
S380,Fila Holdings Corporation,Not present
S381,Fine Organic Industries Ltd.,Fine Organic Industries Ltd.
S382,Fineotex Chemical Ltd.,Fineotex Chemical Ltd.
S383,Fino Payments Bank Ltd.,Not present
S384,Finolex Cables Ltd.,Finolex Cables Ltd.
S385,Finolex Industries Ltd.,Finolex Industries Ltd.
S386,First HiTec Enterprise Co. Ltd.,Not present
S387,First Solar Inc.,Not present
S388,Firstsource Solutions Ltd.,Firstsource Solutions Ltd.
S389,Fiserv,Not present
S390,FiveStar Business Finance Ltd.,Five-Star Business Finance Ltd.
S391,Flair Writing Industries Ltd.,Flair Writing Industries Ltd.
S392,Force Motors Ltd.,Not present
S393,Fortinet Inc,Not present
S394,Fortis Healthcare Ltd.,Fortis Healthcare Ltd.
S395,Foseco India Ltd.,Not present
S396,Fositek Corp,Not present
S397,FreeportMcMoRan Copper & Gold Inc,Not present
S398,Freshworks Inc,Not present
S399,FSN ECommerce Ventures Ltd.,FSN E-Commerce Ventures Ltd.
S400,Fusion Micro Finance Ltd.,Fusion Micro Finance Ltd.
S401,G R Infraprojects Ltd.,G R Infraprojects Ltd.
S402,Gabriel India Ltd.,Gabriel India Ltd.
S403,GAIL (India) Ltd.,GAIL (India) Ltd.
S404,GAIL (India) Ltd. : Futures Near,Not present
S405,Galaxy Surfactants Ltd.,Galaxy Surfactants Ltd.
S406,Gandhar Oil Refinery (India) Ltd.,Not present
N57,Ganesh Housing Corporation Ltd.,Ganesh Housing Corporation Ltd.
S407,Ganesha Ecosphere Ltd.,Not present
S408,Garden Reach Shipbuilders and Engineers Ltd.,Garden Reach Shipbuilders & Engineers Ltd.
S409,Gartner Inc,Not present
S410,Garware HiTech Films Ltd.,Garware Hi-Tech Films Ltd.
S411,Garware Technical Fibres Ltd.,Not present
N60,Gateway Distriparks Ltd.,Gateway Distriparks Ltd.
S412,Gateway Rail Freight Ltd.,Not present
S413,Gayatri Bioorganics Ltd.,Not present
S414,GE Power India Ltd.,Not present
S415,GE T&D India Ltd.,Not present
S416,General Insurance Corporation of India,General Insurance Corporation of India
S417,Genus Power Infrastructures Ltd.,Not present
S418,GFL Ltd.,Not present
S419,GHCL Ltd.,GHCL Ltd.
S420,GHCL Textiles Ltd.,Not present
S421,Gilead Sciences,Not present
S422,Gillette India Ltd.,Gillette India Ltd.
S423,Gland Pharma Ltd.,Gland Pharma Ltd.
S424,GlaxoSmithKline Pharmaceuticals Ltd.,Glaxosmithkline Pharmaceuticals Ltd.
S425,Glenmark Life Sciences Ltd.,Glenmark Life Sciences Ltd.
S426,Glenmark Pharmaceuticals Ltd.,Glenmark Pharmaceuticals Ltd.
S427,Global Health Ltd.,Global Health Ltd.
S428,Globsyn Technologies Ltd.,Not present
S429,Globus Medical Inc,Not present
S430,Globus Spirits Ltd.,Globus Spirits Ltd.
S431,GMM Pfaudler Ltd.,GMM Pfaudler Ltd.
S432,Gmo Payment Gateway Inc,Not present
S433,GMR Airports Infrastructure Ltd.,GMR Airports Infrastructure Ltd.
S434,GNA Axles Ltd.,Not present
S435,Go Fashion (India) Ltd.,Go Fashion (India) Ltd.
S436,Godawari Power and Ispat Ltd.,Godawari Power & Ispat Ltd.
S437,Godfrey Phillips India Ltd.,Godfrey Phillips India Ltd.
S438,Godrej Agrovet Ltd.,Godrej Agrovet Ltd.
S439,Godrej Consumer Products Ltd,Godrej Consumer Products Ltd.
S440,Godrej Industries Ltd,Not present
S441,Godrej Properties Ltd.,Godrej Industries Ltd.
S442,Gokaldas Exports Ltd.,Gokaldas Exports Ltd.
S443,Gold Circuit Electronics Ltd.,Not present
S444,Goodyear India Ltd.,Not present
S445,GPI Textiles Ltd.,Not present
S446,Gpt Healthcare Ltd.,Not present
S447,GPT Infraprojects Ltd.,Not present
S448,Granules India Ltd.,Granules India Ltd.
S449,Graphite India Ltd.,Graphite India Ltd.
S450,Grasim Industries Limited,Grasim Industries Ltd.
S451,Grasim Industries Ltd. Partly Paid Up,Not present
S452,Grasim Industries Ltd. Rights,Not present
N65,Gravita India Ltd.,Gravita India Ltd.
S453,Great Eastern Shipping Co. Ltd.,Great Eastern Shipping Co. Ltd.
S454,Greaves Cotton Ltd.,Greaves Cotton Ltd.
S455,Greenlam Industries Ltd.,Not present
S456,Greenpanel Industries Ltd.,Greenpanel Industries Ltd.
S457,Greenply Industries Ltd.,Greenply Industries Ltd.
S458,Grindwell Norton Ltd.,Grindwell Norton Ltd.
S459,Gudeng Precision Industrial Co Ltd.,Not present
S460,Gufic Biosciences Ltd.,Gufic Biosciences Ltd.
S461,Gujarat Alkalies & Chemicals Ltd.,Gujarat Alkalies & Chemicals Ltd.
S462,Gujarat Ambuja Exports Ltd.,Gujarat Ambuja Exports Ltd.
S463,Gujarat Fluorochemicals Ltd.,Gujarat Fluorochemicals Ltd.
S464,Gujarat Gas Ltd.,Gujarat Gas Ltd.
S465,Gujarat Gas Ltd. : Futures Near,Not present
S466,Gujarat Mineral Development Corporation Ltd.,Gujarat Mineral Development Corporation Ltd.
S467,Gujarat Narmada Valley Fertilisers Chemicals. Ltd.,Gujarat Narmada Valley Fertilizers and Chemicals Ltd.
S468,Gujarat Pipavav Port Ltd.,Gujarat Pipavav Port Ltd.
S469,Gujarat State Fertilizers & Chemicals Ltd.,Gujarat State Fertilizers & Chemicals Ltd.
S470,Gujarat State Petronet Ltd.,Gujarat State Petronet Ltd.
S471,Gulf Oil Lubircants India Ltd.,Gulf Oil Lubricants India Ltd.
S472,Gulshan Polyols Ltd.,Not present
S473,H.e.g. Ltd.,H.E.G. Ltd.
N68,H.G. Infra Engineering Ltd.,H.G. Infra Engineering Ltd.
S474,Hanuman Tea Co. Ltd.,Not present
S475,Happiest Minds Technologies Ltd.,Happiest Minds Technologies Ltd.
S476,Happy Forgings Ltd.,Happy Forgings Ltd.
S477,Harsha Engineers International Ltd.,Not present
N69,Hathway Cable & Datacom Ltd.,Hathway Cable & Datacom Ltd.
S478,Hatsun Agro Products Ltd.,Not present
S479,Havells India Ltd.,Havells India Ltd.
S480,Hawkins Cookers Ltd.,Not present
N70,HBL Power Systems Ltd.,HBL Power Systems Ltd.
S481,HCL Technologies Limited,HCL Technologies Ltd.
S482,HDFC Asset Management Co. Ltd.,HDFC Asset Management Company Ltd.
S483,HDFC Bank Ltd ADR,Not present
S484,HDFC Bank Ltd.,HDFC Bank Ltd.
S485,HDFC Bank Ltd. : Futures Near,Not present
S486,HDFC Life Insurance Company Ltd.,HDFC Life Insurance Company Ltd.
S487,Health & Happiness (H&H) International,Not present
S488,Healthcare Global Enterprises Ltd.,Not present
S489,Heidelberg Cement India Ltd.,HeidelbergCement India Ltd.
N74,Hemisphere Properties India Ltd.,Hemisphere Properties India Ltd.
S490,Heritage Foods (India) Ltd.,Heritage Foods Ltd.
S491,Hero Motocorp Ltd.,Hero MotoCorp Ltd.
S492,HFCL Ltd.,HFCL Ltd.
S493,HG Infra Engineering Ltd.,Not present
S494,Hikal Ltd.,Hikal Ltd.
S495,Himadri Speciality Chemical Ltd.,Himadri Speciality Chemical Ltd.
S496,Himatsingka Seide Ltd.,Not present
S497,Hindalco Industries Ltd.,Hindalco Industries Ltd.
S498,Hindustan Aeronautics Ltd.,Hindustan Aeronautics Ltd.
S499,Hindustan Construction Co. Ltd.,Hindustan Construction Co. Ltd.
S500,Hindustan Copper Ltd.,Hindustan Copper Ltd.
S501,Hindustan DorrOliver Ltd.,Not present
S502,Hindustan Foods Ltd.,Not present
S503,Hindustan Oil Exploration Co. Ltd.,Hindustan Oil Exploration Co. Ltd.
S504,Hindustan Petroleum Corporation Ltd.,Hindustan Petroleum Corporation Ltd.
S505,Hindustan Unilever Ltd.,Hindustan Unilever Ltd.
S506,Hindustan Zinc Ltd.,Hindustan Zinc Ltd.
N76,Hindware Home Innovation Ltd.,Hindware Home Innovation Ltd.
N77,Hitachi Energy India Ltd.,Hitachi Energy India Ltd.
S507,Hitachi ORD,Not present
S508,HiTech Pipes Ltd.,Not present
S509,HLE Glasscoat Ltd.,HLE Glascoat Ltd.
N79,HMA Agro Industries Ltd.,HMA Agro Industries Ltd.
S510,Home First Finance Company India Ltd.,Home First Finance Company India Ltd.
S511,Hon Hai Precision Industry Co Ltd.,Not present
S512,Honasa Consumer Ltd.,Honasa Consumer Ltd.
S513,Honda Siel Power Products Ltd.,Not present
S514,Honeywell Automation India Ltd.,Honeywell Automation India Ltd.
S515,Honeywell International Inc,Not present
S516,Hong Kong Exchanges & Clearing Ltd.,Not present
S517,Housing & Urban Development Corporation Ltd.,Housing & Urban Development Corporation Ltd.
S518,HP Adhesives Ltd.,Not present
S519,Hubbell Inc,Not present
S520,Huhtamaki India Ltd.,Not present
S521,Huntington Ingalls Industries Inc,Not present
S522,Hyundai Motor Co.,Not present
S523,I G Petrochemicals Ltd.,Not present
S524,I T D Cementation India Ltd.,Not present
S525,ICICI Bank Ltd (ADR),Not present
S526,ICICI Bank Ltd.,ICICI Bank Ltd.
S527,ICICI Lombard General Insurance Co Ltd.,ICICI Lombard General Insurance Company Ltd.
S528,ICICI Prudential Life Insurance Co Ltd.,ICICI Prudential Life Insurance Company Ltd.
S529,ICICI Securities Ltd.,ICICI Securities Ltd.
S530,ICRA Ltd.,Not present
N82,IDBI Bank Ltd.,IDBI Bank Ltd.
S531,Ideaforge Technology Private Ltd.,Ideaforge Technology Ltd.
S532,IDFC First Bank Ltd.,IDFC First Bank Ltd.
N84,IDFC Ltd.,IDFC Ltd.
S533,IFB Industries Ltd,IFB Industries Ltd.
N86,IFCI Ltd.,IFCI Ltd.
S534,IFGL Refractories Limited,Not present
S535,Igarashi Motors India Ltd.,Not present
S536,IIFL Finance Ltd.,IIFL Finance Ltd.
N87,IIFL Securities Ltd.,IIFL Securities Ltd.
S537,IKIO Lighting Ltd.,IKIO Lighting Ltd.
S538,ILLUMINA,Not present
S539,Ind Bazaar.Com Ltd.,Not present
N88,India Cements Ltd.,India Cements Ltd.
N89,India Glycols Ltd.,India Glycols Ltd.
S540,India Pesticides Ltd.,India Pesticides Ltd.
S541,India Shelter Finance Corporation Ltd.,India Shelter Finance Corporation Ltd.
S542,Indiabulls Housing Finance Ltd Partly Paid,Not present
N90,Indiabulls Housing Finance Ltd.,Indiabulls Housing Finance Ltd.
S543,Indiabulls Real Estate Ltd.,Indiabulls Real Estate Ltd.
S544,Indiamart Intermesh Ltd.,Indiamart Intermesh Ltd.
S545,Indian Bank,Indian Bank
S546,Indian Energy Exchange Ltd.,Indian Energy Exchange Ltd.
S547,Indian Hotels Company Limited,Indian Hotels Co. Ltd.
S548,Indian Hume Pipe Co. Ltd.,Not present
N92,Indian Metals & Ferro Alloys Ltd.,Indian Metals & Ferro Alloys Ltd.
S549,Indian Oil Corporation Ltd.,Indian Oil Corporation Ltd.
N93,Indian Overseas Bank,Indian Overseas Bank
S550,Indian Railway Catering and Tourism Corporation Ltd.,Indian Railway Catering And Tourism Corporation Ltd.
S551,Indian Railway Finance Corporation Ltd.,Indian Railway Finance Corporation Ltd.
S552,Indian Renewable Energy Development Agency Ltd.,Not present
S553,Indigo Paints Ltd.,Indigo Paints Ltd.
N94,Indo Count Industries Ltd.,Indo Count Industries Ltd.
S554,Indoco Remedies Ltd.,Indoco Remedies Ltd.
S555,Indraprastha Gas Ltd.,Indraprastha Gas Ltd.
S556,Indus Towers Ltd.,Indus Towers Ltd.
S557,Indusind Bank Ltd.,IndusInd Bank Ltd.
S558,INEOS Styrolution India Ltd.,Not present
N95,Infibeam Avenues Ltd.,Infibeam Avenues Ltd.
S559,Info Edge (India) Ltd.,Info Edge (India) Ltd.
S560,Infosys Ltd.,Infosys Ltd.
S561,Infosys Ltd. : Futures Near,Not present
S562,Infosys Technologies,Not present
S563,Infrastructure Development Finance Company Limited,Not present
S564,Ingersoll Rand (india) Ltd.,Ingersoll Rand (India) Ltd.
S565,Innova Captab Ltd.,Not present
S566,Innoventive Industries Ltd.,Not present
S567,Inox Green Energy Services Ltd.,Not present
S568,Inox India Ltd.,INOX India Ltd.
S569,Inox Wind Energy Ltd.,Not present
S570,Inox Wind Ltd.,Inox Wind Ltd.
S571,Insecticides (India) Ltd.,Not present
S572,Intel Corporation,Not present
S573,Intellect Design Arena ltd.,Intellect Design Arena Ltd.
S574,Intercontinental Exchange,Not present
S575,InterGlobe Aviation Ltd.,InterGlobe Aviation Ltd.
S576,International Flavors & Fragrances Inc,Not present
S577,International Paper APPM Ltd.,Not present
S578,Intuit,Not present
S579,Intuitive Surgical,Not present
N96,IOL Chem and Pharma Ltd.,IOL Chem and Pharma Ltd.
S580,Ion Exchange (india) Ltd.,Ion Exchange (India) Ltd.
S581,Ipca Laboratories Ltd.,Ipca Laboratories Ltd.
S582,Iqvia Holdings,Not present
S583,IRB Infrastructure Developers Ltd.,IRB Infrastructure Developers Ltd.
S584,IRCON International Limited,IRCON International Ltd.
S585,IRM Energy Ltd.,Not present
S586,ISGEC Heavy Engineering Ltd.,Isgec Heavy Engineering Ltd.
S587,ITC Limited,ITC Ltd.
N99,ITD Cementation India Ltd.,ITD Cementation India Ltd.
N100,ITI Ltd.,ITI Ltd.
S588,J K Lakshmi Cement Ltd.,Not present
S589,J K Tyre & Inds. Ltd.,Not present
S590,J S W Energy Ltd.,Not present
S591,J S W Steel Ltd.,Not present
S592,J T L Infra Ltd.,Not present
S593,J. Kumar Infraprojects Ltd,Not present
S594,J.b. Chemicals & Pharmaceuticals Ltd.,J.B. Chemicals & Pharmaceuticals Ltd.
S595,J.K. Cement Ltd.,J.K. Cement Ltd.
N101,J.Kumar Infraprojects Ltd.,J.Kumar Infraprojects Ltd.
S596,Jadoonet.Com,Not present
S597,Jagran Prakashan Ltd.,Not present
N102,Jai Balaji Industries Ltd.,Jai Balaji Industries Ltd.
N103,Jai Corp Ltd.,Jai Corp Ltd.
N104,Jain Irrigation Systems Ltd.,Jain Irrigation Systems Ltd.
N105,Jaiprakash Associates Ltd.,Jaiprakash Associates Ltd.
N106,Jaiprakash Power Ventures Ltd.,Jaiprakash Power Ventures Ltd.
N107,Jammu & Kashmir Bank Ltd.,Jammu & Kashmir Bank Ltd.
S598,Jamna Auto Inds. Ltd.,Jamna Auto Industries Ltd.
S599,Jana Small Finance Bank Ltd.,Not present
S600,Jash Engineering Ltd.,Not present
S601,JBM Auto Ltd.,JBM Auto Ltd.
S602,JD.Com Inc,Not present
S603,Jentech Precision Industrial Co Ltd.,Not present
S604,Jindal Drilling & Industries Ltd.,Not present
S605,Jindal Saw Ltd.,Jindal Saw Ltd.
S606,Jindal Stainless Ltd.,Jindal Stainless Ltd.
S607,Jindal Steel & Power Ltd.,Jindal Steel & Power Ltd.
S608,Jindal Steel & Power Ltd. : Futures Near,Not present
N109,Jindal Worldwide Ltd.,Jindal Worldwide Ltd.
S609,Jio Financial Services Ltd.,Jio Financial Services Ltd.
N110,JK Lakshmi Cement Ltd.,JK Lakshmi Cement Ltd.
S610,JK Paper Ltd.,JK Paper Ltd.
N111,JK Tyre & Industries Ltd.,JK Tyre & Industries Ltd.
S611,JM Financial Ltd.,JM Financial Ltd.
S612,Jmp Castings Ltd.,Not present
S613,Johnson ControlsHitachi Air Conditioning India Ltd.,Johnson Controls - Hitachi Air Conditioning India Ltd.
N113,JSW Energy Ltd.,JSW Energy Ltd.
N114,JSW Holdings Ltd.,JSW Holdings Ltd.
S614,JSW Infrastructure Ltd.,JSW Infrastructure Ltd.
N115,JSW Steel Ltd.,JSW Steel Ltd.
S615,JTEKT India Ltd.,JTEKT India Ltd.
N116,JTL Industries Ltd.,JTL Industries Ltd.
S616,Jubilant Foodworks Ltd.,Jubilant Foodworks Ltd.
S617,Jubilant Ingrevia Ltd.,Jubilant Ingrevia Ltd.
S618,Jubilant Life Sciences Ltd.,Not present
N117,Jubilant Pharmova Ltd.,Jubilant Pharmova Ltd.
S619,Juniper Hotels Ltd.,Not present
S620,Jupiter Life Line Hospitals Ltd.,Jupiter Life Line Hospitals Ltd.
N118,Jupiter Wagons Ltd.,Jupiter Wagons Ltd.
S621,Just Dial Ltd.,Justdial Ltd.
S622,Jyothy Laboratories Ltd.,Jyothy Labs Ltd.
S623,Jyoti CNC Automation Ltd.,Jyoti CNC Automation Ltd.
S624,K.P.R. Mill Ltd.,K.P.R. Mill Ltd.
S625,Kajaria Ceramics Ltd.,Kajaria Ceramics Ltd.
S626,Kalpataru Power Transmission Ltd.,Not present
N121,Kalpataru Projects International Ltd.,Kalpataru Projects International Ltd.
S627,Kalyan Jewellers India Ltd.,Kalyan Jewellers India Ltd.
S628,Kalyani Steels Ltd.,Not present
S629,Kansai Nerolac Paints Ltd.,Kansai Nerolac Paints Ltd.
S630,KAO Corporation,Not present
S631,Karnataka Bank Ltd.,Karnataka Bank Ltd.
S632,Karur Vysya Bank Ltd,Karur Vysya Bank Ltd.
S633,Kaveri Seed Company Ltd.,Kaveri Seed Company Ltd.
S634,Kaynes Technology India Private Ltd.,Kaynes Technology India Ltd.
S635,KEC International Ltd.,Kec International Ltd.
S636,KEI Industries Ltd.,KEI Industries Ltd.
S637,Kellogg Co,Not present
S638,Kennametal India Ltd.,Not present
S639,Kesoram Industries Ltd.,Kesoram Industries Ltd.
S640,Kewal Kiran Clothing Ltd.,Not present
S641,Keyence Corp,Not present
S642,Keysight Technologies Inc,Not present
S643,Keystone Realtors Private Ltd.,Not present
S644,KFIN Technologies Ltd.,Kfin Technologies Ltd.
S645,Khadim India Ltd.,Not present
S646,Kirloskar Brothers Ltd.,Kirloskar Brothers Ltd.
S647,Kirloskar Ferrous Industries Ltd.,Not present
S648,Kirloskar Oil Engines Ltd.,Kirloskar Oil Eng Ltd.
S649,Kirloskar Pneumatic Co. Ltd.,Not present
S650,Knowledge Marine & Engineering Works Ltd.,Not present
S651,KNR Constructions,KNR Constructions Ltd.
S652,KoltePatil Developers Ltd.,Kolte-Patil Developers Ltd.
S653,Komatsu,Not present
S654,Kotak Mahindra Bank Ltd.,Kotak Mahindra Bank Ltd.
S655,Kothari Industrial Corporation Ltd.,Not present
S656,Kovai Medical Center & Hospital Ltd.,Not present
S657,KPI Green Energy Ltd.,KPI Green Energy Ltd.
S658,KPIT Technologies Ltd.,KPIT Technologies Ltd.
N127,KRBL Ltd.,KRBL Ltd.
S659,Krishna Institute of Medical Sciences Ltd.,Krishna Institute of Medical Sciences Ltd.
S660,Krsnaa Diagnostics Ltd.,Krsnaa Diagnostics Ltd.
S661,KSB Ltd.,KSB Ltd.
S662,Kyowa Exeo Corp Ltd.,Not present
S663,L G Balakrishnan & Bros Ltd.,Not present
S664,L&T Finance Holdings Ltd.,L&T Finance Ltd.
S665,L&T Technology Services Ltd.,L&T Technology Services Ltd.
S666,Lakshmi Machine Works Ltd.,Not present
S667,Landmark Cars Ltd.,Landmark Cars Ltd.
S668,LaOpala RG Ltd.,La Opala RG Ltd.
S669,Largan Precision Co. Ltd.,Not present
S670,Larsen & Toubro Ltd (GDR),Not present
S671,Larsen & Toubro Ltd.,Larsen & Toubro Ltd.
S672,Larsen & Toubro Ltd. : Futures Near,Not present
S673,Latent View Analytics Ltd.,Latent View Analytics Ltd.
S674,Laurus Labs Ltd.,Laurus Labs Ltd.
S675,Laxmi Organic Industries Ltd.,Laxmi Organic Industries Ltd.
S676,Lemon Tree Hotels Ltd.,Lemon Tree Hotels Ltd.
N130,LG Balakrishnan & Bros Ltd.,LG Balakrishnan & Bros Ltd.
S677,LG Chemicals Ltd,Not present
S678,LIC Housing Finance Ltd.,LIC Housing Finance Ltd.
S679,Life Insurance Corporation Of India,Life Insurance Corporation of India
S680,Linde India Ltd.,Linde India Ltd.
N131,Lloyds Engineering Works Ltd.,Lloyds Engineering Works Ltd.
N132,Lloyds Metals And Energy Ltd.,Lloyds Metals And Energy Ltd.
S681,Lonza Group AG,Not present
S682,LOREAL,Not present
S683,Lotes Co Ltd.,Not present
S684,Lowe S Companies Inc,Not present
S685,LT Foods Ltd.,LT Foods Ltd.
S686,LTIMindtree Ltd.,LTIMindtree Ltd.
S687,Lululemon Athletica Inc Com,Not present
S688,Lumax Auto Technologies Ltd.,Not present
S689,Lumax Industries Ltd.,Not present
S690,Lupin Ltd.,Lupin Ltd.
S691,Lux Industries Ltd.,Lux Industries Ltd.
S692,Lvmh Moet Hennessy Louis Vuitton Sa,Not present
S693,M M Forgings Ltd.,Not present
S694,Macrotech Developers Ltd.,Macrotech Developers Ltd.
S695,Magma Fincorp Ltd.,Not present
S696,Magnasound (India) Limited,Not present
S697,Mahanagar Gas Ltd.,Mahanagar Gas Ltd.
S698,Maharashtra Scooters Ltd.,Not present
S699,Maharashtra Seamless Ltd.,Maharashtra Seamless Ltd.
S700,Mahindra & Mahindra Financial Services Ltd.,Mahindra & Mahindra Financial Services Ltd.
S701,Mahindra & Mahindra Ltd.,Mahindra & Mahindra Ltd.
S702,Mahindra CIE Automotive Ltd.,Not present
S703,Mahindra Holidays & Resorts India Ltd.,Mahindra Holidays & Resorts India Ltd.
S704,Mahindra Lifespace Developers Ltd.,Mahindra Lifespace Developers Ltd.
S705,Mahindra Logistics Ltd.,Mahindra Logistics Ltd.
N133,Maithan Alloys Ltd.,Maithan Alloys Ltd.
S706,Make My Trip,Not present
S707,Man Infraconstruction Ltd.,Man Infraconstruction Ltd.
S708,Manappuram Finance Ltd.,Manappuram Finance Ltd.
S709,Mangalam Cement Ltd.,Not present
S710,Mangalore Chemicals & Fertilisers Ltd.,Not present
S711,Mangalore Refinery & Petrochemicals Ltd.,Mangalore Refinery & Petrochemicals Ltd.
S712,Mankind Pharma Ltd.,Mankind Pharma Ltd.
S713,Manorama Industries Ltd.,Not present
S714,Manpasand Beverages Ltd.,Not present
S715,Marico Ltd.,Marico Ltd.
S716,MarketAxess Holdings Inc,Not present
S717,Marksans Pharma Ltd.,Marksans Pharma Ltd.
S718,Maruti Suzuki India Ltd.,Maruti Suzuki India Ltd.
S719,Maruti Suzuki India Ltd. : Call Options,Not present
S720,Maruti Suzuki India Ltd. : Futures Near,Not present
S721,Mas Financial Services Ltd.,MAS Financial Services Ltd.
S722,Masco Corp,Not present
S723,Mastek Ltd.,Mastek Ltd.
S724,Mastercard Ord SHS Class A,Not present
S725,Matrimony.com Ltd.,Not present
S726,Max Financial Services Ltd.,Max Financial Services Ltd.
S727,Max Healthcare Institute Ltd.,Max Healthcare Institute Ltd.
S728,Mayur Uniquoters Limited,Not present
S729,Mazagon Dock Shipbuilders Ltd.,Mazagoan Dock Shipbuilders Ltd.
S730,Medi Assist Healthcare Services Ltd.,Not present
S731,MediaTek Inc,Not present
S732,Medplus Health Services Ltd.,Medplus Health Services Ltd.
S733,Medtronic Plc,Not present
S734,Meituan Dianping,Not present
S735,Merck & Co Inc Shs,Not present
S736,Metro Brands Ltd.,Metro Brands Ltd.
S737,Metropolis Healthcare Ltd.,Metropolis Healthcare Ltd.
S738,Microchip Technology,Not present
S739,Microsoft Corp,Not present
S740,Midea Group Co Ltd.,Not present
S741,Minda Corporation Ltd.,Minda Corporation Ltd.
S742,Minda Industries Ltd.,Not present
S743,Minerva Holdings Ltd.,Not present
S744,Minor International PCL,Not present
S745,Mishra Dhatu Nigam Ltd.,Mishra Dhatu Nigam Ltd.
S746,Mitsub UF J FG,Not present
S747,Mitsubishi ORD,Not present
S748,MITSUI FUDOSAN,Not present
S749,MMTC Ltd.,MMTC Ltd.
S750,Modern Syntex (India) Ltd.,Not present
S751,MOIL Ltd.,MOIL Ltd.
S752,MoldTek Packaging Ltd.,Not present
S753,MongoDB Inc,Not present
S754,Moodys Corp,Not present
S755,Motherson Sumi Systems Ltd.,Not present
S756,Motherson Sumi Wiring India Ltd.,Motherson Sumi Wiring India Ltd.
S757,Motilal Oswal Financial Services Ltd.,Motilal Oswal Financial Services Ltd.
S758,Motorola Solutions Inc,Not present
S759,Mphasis Ltd.,MphasiS Ltd.
S760,Mphasis Ltd. : Futures Near,Not present
S761,MPS Ltd.,Not present
S762,MRF Ltd.,MRF Ltd.
S763,Mrs.Bectors Food Specialities Ltd.,Mrs. Bectors Food Specialities Ltd.
S764,MSTC Ltd.,MSTC Ltd.
S765,MTAR Technologies Ltd.,MTAR Technologies Ltd.
S766,MTZ Polyfilms Ltd.,Not present
S767,Mukand Ltd.,Not present
S768,Mukerian Papers Ltd.,Not present
S769,Multi Commodity Exchange Of India Ltd.,Multi Commodity Exchange of India Ltd.
S770,Music Broadcast Ltd. Preference Shares,Not present
S771,Muthoot Finance Pvt. Ltd.,Muthoot Finance Ltd.
N137,Muthoot Microfin Ltd.,Muthoot Microfin Ltd.
S772,Nagarjuna Agrichem Ltd.,Not present
S773,Nahar Spinning Mills Ltd.,Not present
S774,Narayana Hrudayalaya Ltd.,Narayana Hrudayalaya Ltd.
S775,NATCO Pharma Ltd.,NATCO Pharma Ltd.
S776,Nath BioGenes India Ltd.,Not present
S777,National Aluminium Co. Ltd.,National Aluminium Co. Ltd.
S778,National Fertilizers Ltd.,National Fertilizers Ltd.
S779,National Thermal Power Corporation Ltd.,Not present
N138,Nava Ltd.,Nava Ltd.
S780,Navin Flourine International Ltd.,Navin Fluorine International Ltd.
S781,Navneet Education Ltd.,Navneet Education Ltd.
S782,Nazara Technologies Ltd.,Nazara Technologies Ltd.
S783,NBCC (India) Ltd.,NBCC (India) Ltd.
S784,NCC Ltd.,NCC Ltd.
S785,Neogen Chemicals Ltd.,Not present
S786,NESCO Ltd.,NESCO Ltd.
S787,Nestle India Ltd.,Nestle India Ltd.
S788,Netflix,Not present
S789,Netweb Technologies India Ltd.,Netweb Technologies India Ltd.
S790,Network 18 Media & Invst. Ltd.,Network18 Media & Investments Ltd.
S791,Neuland Laboratories Ltd.,Neuland Laboratories Ltd.
S792,Newgen Software Technologies Ltd.,Newgen Software Technologies Ltd.
S793,Newmont Mining Corp,Not present
S794,NHPC Ltd.,NHPC Ltd.
S795,Nidec Corporation,Not present
S796,Nifty 50 : Futures Near,Not present
S797,Nifty 50 : Put Options,Not present
S798,Nihon Nirmaan Ltd.,Not present
S799,NIIT Learning Systems Ltd.,NIIT Learning Systems Ltd.
S800,NIIT Ltd,Not present
S801,Nike Inc,Not present
S802,Nilkamal Ltd.,Not present
S803,Nippon Life India Asset Management Ltd.,Nippon Life India Asset Management Ltd.
S804,Nitin Spinners Ltd.,Not present
S805,Nitori Holdings Co Ltd.,Not present
S806,NLC India Ltd.,NLC India Ltd.
S807,NMDC LTD,NMDC Ltd.
S808,NMDC Steel Ltd.,NMDC Steel Ltd.
S809,Noble Brothers Impex Ltd.,Not present
S810,Nocil Ltd.,NOCIL Ltd.
S811,Non equity,Not present
S812,Novatek Microelectronics Corp. Ltd.,Not present
S813,Novo Nordisk A/S,Not present
S814,Nrb Bearings Ltd.,NRB Bearings Ltd.
N142,NTPC Ltd.,NTPC Ltd.
S815,NTT ORD,Not present
S816,Nucleus Software Exports Ltd.,Nucleus Software Exports Ltd.
S817,Numero Uno International Ltd.,Not present
N143,Nuvama Wealth Management Ltd.,Nuvama Wealth Management Ltd.
S818,Nuvoco Vistas Corporation Ltd.,Nuvoco Vistas Corporation Ltd.
S819,NVIDIA Corporation,Not present
S820,Oberoi Realty Ltd.,Oberoi Realty Ltd.
S821,Oil & Natural Gas Corporation Ltd.,Oil & Natural Gas Corporation Ltd.
S822,Oil India Ltd.,Oil India Ltd.
S823,Olectra Greentech Ltd.,Olectra Greentech Ltd.
S824,One 97 Communications Ltd.,One 97 Communications Ltd.
S825,Onward Technologies Ltd.,Not present
N144,Optiemus Infracom Ltd.,Optiemus Infracom Ltd.
S826,Oracle Corp,Not present
S827,Oracle Financial Services Software Limited,Oracle Financial Services Software Ltd.
S828,Orchid Pharma Ltd.,Not present
S829,Orient Cement Ltd.,Orient Cement Ltd.
S830,Orient Electric Ltd.,Orient Electric Ltd.
S831,Orient Paper & Industries Ltd.,Not present
S832,Orient Refractories Ltd.,Not present
S833,Oriental Aromatics Ltd.,Not present
S834,Oriental Carbon and Chemicals Ltd.,Not present
S835,Oriental Hotels Ltd.,Not present
S836,Orissa Minerals Development Co. Ltd.,Orissa Min Dev Co Ltd.
S837,Padmini Technologies Ltd.,Not present
S838,Page Industries Ltd.,Page Industries Ltd.
N147,Paisalo Digital Ltd.,Paisalo Digital Ltd.
S839,Parade Technologies Ltd.,Not present
S840,Paradeep Phosphates Ltd.,Paradeep Phosphates Ltd.
S841,Parag Milk Foods Ltd.,Not present
S842,Paras Defence and Space Technologies Ltd.,Paras Defence and Space Technologies Ltd.
S843,ParkerHannifin Corp,Not present
S844,Patanjali Foods Ltd.,Patanjali Foods Ltd.
N148,Patel Engineering Ltd.,Patel Engineering Ltd.
S845,PB Fintech Ltd.,PB Fintech Ltd.
S846,PCBL Ltd.,PCBL Ltd.
S847,PDS Ltd.,PDS Ltd.
S848,Persistent Systems Ltd.,Persistent Systems Ltd.
S849,Petronet LNG Ltd.,Petronet LNG Ltd.
S850,Pfizer Inc,Not present
S851,Pfizer Ltd.,Not present
S852,PG Electroplast Ltd.,PG Electroplast Ltd.
S853,Phoenix Mills Ltd.,Phoenix Mills Ltd.
S854,Pi Industries Ltd.,PI Industries Ltd.
S855,Pidilite Industries Ltd.,Pidilite Industries Ltd.
S856,PING AN INSURANCE (GROUP) CO. OF CHINA LTD,Not present
S857,Piramal Enterprises Ltd.,Piramal Enterprises Ltd.
S858,Piramal Pharma Ltd.,Piramal Pharma Ltd.
S859,Pitti Engineering Ltd.,Not present
S860,Pix Transmissions Ltd.,Not present
S861,PNB Housing Finance Ltd.,PNB Housing Finance Ltd.
S862,PNC Infratech Ltd.,PNC Infratech Ltd.
S863,Pokarna Ltd.,Not present
S864,Polaris Industries,Not present
S865,Poly Medicure Ltd.,Poly Medicure Ltd.
S866,Polycab India Limited,Polycab India Ltd.
S867,Polyplex Corporation Ltd.,Polyplex Corporation Ltd.
N150,Poonawalla Fincorp Ltd.,Poonawalla Fincorp Ltd.
S868,Power Finance Corporation Ltd.,Power Finance Corporation Ltd.
S869,Power Grid Corporation of India Ltd.,Power Grid Corporation of India Ltd.
S870,Power Mech Projects Ltd.,Power Mech Projects Ltd.
S871,Praj Industries Ltd.,Praj Industries Ltd.
S872,Prataap Snacks Ltd.,Not present
S873,Praveg Ltd.,Not present
S874,Precision Fasteners Ltd.,Not present
S875,Premier Explosives Ltd.,Not present
S876,Prestige Estates Projects Ltd.,Prestige Estates Projects Ltd.
S877,Pricol Ltd.,Pricol Ltd.
S878,Primax Electronics Ltd.,Not present
S879,Prince Pipes and Fittings Ltd.,Prince Pipes and Fittings Ltd.
S880,Prism Johnson Ltd.,Prism Johnson Ltd.
S881,Procter & Gamble Co.,Not present
S882,Procter & Gamble Health Ltd.,Not present
S883,Procter & Gamble Hygiene & Health Care Ltd.,Procter & Gamble Hygiene & Health Care Ltd.
S884,Protean eGov Technologies Ltd.,Not present
S885,Prudent Corporate Advisory Services Ltd.,Not present
S886,PSP Projects Ltd.,PSP Projects Ltd.
S887,PT Bank Central Asia Tbk,Not present
S888,PT Bank Rakyat Indonesia (Persero) Tbk,Not present
S889,PT Semen Gresik ( Persero) TBK,Not present
S890,PTC India Financial Services Ltd.,Not present
N151,PTC India Ltd.,PTC India Ltd.
S891,PTC Industries Ltd.,Not present
N152,PUNJAB & SIND BANK,PUNJAB & SIND BANK
S892,Punjab Alkalies & Chemicals Ltd.,Not present
S893,Punjab National Bank,Punjab National Bank
N153,Puravankara Ltd.,Puravankara Ltd.
S894,PVR Inox Ltd.,PVR INOX Ltd.
S895,QUALCOMM,Not present
S896,Quantum Information Systems,Not present
S897,Quess Corp Ltd.,Quess Corp Ltd.
S898,R R Kabel Ltd.,R R Kabel Ltd.
S899,Radiant Cash Management Services Private Ltd.,Not present
S900,Radico Khaitan Ltd.,Radico Khaitan Ltd
S901,Rail Vikas Nigam Ltd.,Rail Vikas Nigam Ltd.
S902,Railtel Corporation of India Ltd.,Railtel Corporation Of India Ltd.
S903,Rain Industries Ltd.,Rain Industries Ltd
S904,Rainbow Childrens Medicare Ltd.,Rainbow Childrens Medicare Ltd.
S905,Rajapalayam Mills Ltd.,Not present
N156,Rajesh Exports Ltd.,Rajesh Exports Ltd.
S906,Rajratan Global Wire Ltd.,Not present
S907,Rallis India Ltd.,Rallis India Ltd.
S908,Rama Steel Tubes Limited,Not present
S909,Ramco Industries Ltd.,Not present
S910,Ramco Systems,Not present
S911,Ramkrishna Forgings Ltd.,Ramkrishna Forgings Ltd.
N157,Ramky Infra Ltd.,Ramky Infra Ltd.
S912,Rane (madras) Ltd.,Not present
S913,Rane Holdings Ltd.,Not present
S914,Rashi Peripherals Ltd.,Not present
N158,Rashtriya Chemicals & Fertilizers Ltd.,Rashtriya Chemicals & Fertilizers Ltd.
S915,Rategain Travel Technologies Ltd.,Rategain Travel Technologies Ltd.
S916,Ratnamani Metals & Tubes Ltd.,Ratnamani Metals & Tubes Ltd.
N159,RattanIndia Enterprises Ltd.,RattanIndia Enterprises Ltd.
N160,RattanIndia Power Ltd.,RattanIndia Power Ltd.
S917,Raymond Ltd.,Raymond Ltd.
S918,Raytheon Technologies Corp,Not present
S919,RBL Bank Ltd.,RBL Bank Ltd.
S920,Realtek Semiconductor Corporation,Not present
N161,REC Ltd.,REC Ltd.
S921,Reckitt Benckiser Group PLC,Not present
S922,Recruit Holdings Co Ltd,Not present
S923,Redington Ltd.,Redington Ltd.
S924,Redtape Ltd.,Redtape Ltd.
S925,Relaxo Footwears Ltd.,Not present
S926,Reliance Industries Ltd (GDR),Not present
S927,Reliance Industries Ltd.,Reliance Industries Ltd.
N162,Reliance Infrastructure Ltd.,Reliance Infrastructure Ltd.
S928,Reliance Power Ltd.,Reliance Power Ltd.
S929,Religare Enterprises Ltd.,Religare Enterprises Ltd.
S930,Relx Plc,Not present
S931,Repco Home Finance Ltd.,Not present
S932,Repo,Not present
N163,Responsive Industries Ltd.,Responsive Industries Ltd.
N164,Restaurant Brands Asia Ltd.,Restaurant Brands Asia Ltd.
S933,Reverse Repo,Not present
N165,RHI MAGNESITA INDIA LTD.,RHI MAGNESITA INDIA LTD.
S934,Rishabh instruments Ltd.,Not present
S935,RITES Ltd.,RITES Ltd.
S936,Rolex Rings Private Ltd.,Not present
S937,Roper Technologies Inc,Not present
S938,Rossari Biotech Ltd.,Rossari Biotech Ltd.
S939,Rossell India Ltd.,Not present
S940,Route Mobile Ltd.,Route Mobile Ltd.
S941,Royal Industries Ltd.,Not present
S942,RPG Life Sciences Ltd,Not present
S943,Rural Electrification Corporation Limited,Not present
S944,S.J.S. Enterprises Ltd.,Not present
S945,Sadbhav Engineering Ltd.,Not present
S946,Sadbhav Infrastructure Project Ltd.,Not present
S947,Safari Industries (India) Ltd.,Safari Industries (India) Ltd.
S948,Sagar Cements Ltd.,Sagar Cements Ltd.
S949,Sai Silk (Kalamandir) Ltd.,Sai Silks (Kalamandir) Ltd.
S950,Salesforce Com,Not present
S951,Samhi Hotels Ltd.,Samhi Hotels Ltd.
S952,Samsung Electronics Co. Ltd.,Not present
S953,Samsung SDI Co. Ltd.,Not present
S954,Samvardhana Motherson International Ltd.,Samvardhana Motherson International Ltd.
S955,Sandhar Technologies Ltd.,Not present
S956,Sandur Laminates Ltd,Not present
S957,Sandur Manganese & Iron Ores Ltd.,Sandur Manganese & Iron Ores Ltd.
S958,Sangam Health Care Products Ltd.,Not present
S959,Sanghvi Movers Ltd.,Sanghi Industries Ltd.
S960,Sanofi,Not present
S961,Sanofi India Ltd.,Sanofi India Ltd.
S962,Sansera Engineering Ltd.,Sansera Engineering Ltd.
S963,Sap Se,Not present
S964,Sapphire Foods India Ltd.,Sapphire Foods India Ltd.
N168,Sarda Energy and Minerals Ltd.,Sarda Energy and Minerals Ltd.
S965,Saregama India Ltd.,Saregama India Ltd
S966,Sasken Communication Technologies Ltd.,Not present
S967,Satin Creditcare Network Ltd.,Not present
S968,SBFC Finance Ltd.,SBFC Finance Ltd.
S969,SBI Cards and Payment Services Ltd.,SBI Cards and Payment Services Ltd.
S970,SBI Life Insurance Co Ltd.,SBI Life Insurance Company Ltd.
S971,Schaeffler India Ltd.,Schaeffler India Ltd.
S972,Schneider Electric Infrastructure Ltd.,Schneider Electric Infrastructure Ltd.
S973,Seamec Ltd.,Not present
S974,Sekisui Chemical Company Ltd.,Not present
S975,Senco Gold Ltd.,Senco Gold Ltd.
S976,Sequent Scientific Ltd.,Sequent Scientific Ltd.
S977,SF Holding Co Ltd.,Not present
S978,Shaily Engineering Plastics Ltd.,Not present
S979,Shankara Building Products Ltd.,Not present
S980,Shanthi Gears Ltd.,Not present
S981,Sharda Cropchem Ltd.,Not present
N171,Sharda Motor Industries Ltd.,Sharda Motor Industries Ltd.
S982,Share India Securities Ltd.,Share India Securities Ltd.
S983,Sheela Foam Ltd.,Sheela Foam Ltd.
S984,Shell Plc,Not present
S985,Shenzhen Inovance Technology Co Ltd.,Not present
S986,Shilchar Technologies Ltd.,Not present
S987,Shilpa Medicare Ltd.,Shilpa Medicare Ltd.
S988,Shin Etsu Chemical Co.,Not present
S989,Shipping Corporation of India Land and Assets Ltd.,Not present
S990,Shipping Corporation Of India Ltd.,Shipping Corporation of India Ltd.
S991,Shivalik Bimetal Controls Ltd.,Shivalik Bimetal Controls Ltd.
S992,Shoppers Stop Limited,Shoppers Stop Ltd.
S993,Shree Cement Ltd.,Shree Cement Ltd.
S994,Shree Digvijay Cement Co. Ltd.,Not present
N173,Shree Renuka Sugars Ltd.,Shree Renuka Sugars Ltd.
S995,Shreno Ltd.,Not present
S996,Shriram Finance Ltd.,Shriram Finance Ltd.
S997,Shriram Pistons & Rings Ltd.,Not present
S998,Shubh Shanti Services Ltd.,Not present
S999,Shyam Metalics and Energy Ltd.,Shyam Metalics and Energy Ltd.
S1000,Siemens AG,Not present
S1001,Siemens Ltd.,Siemens Ltd.
S1002,Signature Global (India) Ltd.,Signatureglobal (India) Ltd.
S1003,Simplex Infrastructures Ltd.,Not present
N175,Sindhu Trade Links Ltd.,Sindhu Trade Links Ltd.
S1004,SinoAmerican Silicon Products Inc,Not present
S1005,SIP Technologies & Exports Ltd.,Not present
S1006,SIS Ltd.,Not present
S1007,Siv Industries Ltd.,Not present
S1008,Siyaram Silk Mills Ltd.,Not present
S1009,SJVN Ltd.,SJVN Ltd.
S1010,SK Hynix Inc,Not present
S1011,SK Telecom Co. Ltd.,Not present
S1012,SKF India Ltd.,SKF India Ltd.
S1013,SM Investments Corporation,Not present
S1014,SMC Corp,Not present
S1015,Sobha Ltd.,Sobha Ltd.
S1016,Solar Industries India Ltd.,Solar Industries India Ltd.
S1017,Solara Active Pharma Sciences Ltd.,Not present
S1018,Somany Ceramics Ltd.,Not present
S1019,Somany Home Innovation Ltd.,Not present
S1020,Sona BLW Precision Forgings Ltd.,Sona BLW Precision Forgings Ltd.
S1021,Sonata Software Ltd.,Sonata Software Ltd.
S1022,Sony Corp.,Not present
S1023,Sony Group Corporation ADR,Not present
S1024,South Indian Bank Ltd.,South Indian Bank Ltd.
S1025,South Indian Bank Ltd. Rights,Not present
S1026,SP Apparels Ltd.,Not present
S1027,Spandana Sphoorty Financial Ltd.,Spandana Sphoorty Financial Ltd.
S1028,Spartek Ceramics Ltd.,Not present
S1029,Spotify Technology SA,Not present
S1030,SRF Ltd.,SRF Ltd.
S1031,Star Cement Ltd.,Star Cement Ltd.
S1032,Star Health and Allied Insurance Co Ltd.,Star Health and Allied Insurance Company Ltd.
S1033,Starbucks Corporation,Not present
S1034,State Bank Of India,State Bank of India
S1035,State Bank Of India : Futures Near,Not present
S1036,Steel Authority Of India Ltd.,Steel Authority of India Ltd.
S1037,Steel Strips Wheels Ltd.,Steel Strips Wheels Ltd.
N177,Sterling and Wilson Renewable Energy Ltd.,Sterling and Wilson Renewable Energy Ltd.
S1038,Sterling and Wilson Solar Private Ltd.,Not present
S1039,Sterling Tools Ltd.,Not present
N178,Sterlite Technologies Ltd.,Sterlite Technologies Ltd.
S1040,Stove Kraft Ltd.,Not present
S1041,Strides Pharma Science Ltd.,Strides Pharma Science Ltd.
S1042,Stylam Industries Ltd.,Stylam Industries Ltd.
S1043,Subros Ltd.,Not present
S1044,Sudarshan Chemical Industries Ltd.,Sudarshan Chemical Industries Ltd.
S1045,Sula Vineyards Ltd.,Sula Vineyards Ltd.
S1046,Sumber Alfaria Trijaya Tbk PT,Not present
S1047,Sumitomo Chemical India Private Ltd.,Sumitomo Chemical India Ltd.
S1048,Sun Pharma Advanced Research Company Ltd.,Sun Pharma Advanced Research Company Ltd.
S1049,Sun Pharmaceutical Industries Ltd.,Sun Pharmaceutical Industries Ltd.
S1050,Sun TV Network Ltd.,Sun TV Network Ltd.
S1051,Sun TV Network Ltd. : Futures Near,Not present
S1052,Sundaram Clayton DCD Ltd.,Not present
S1053,Sundaram Clayton DCD Ltd. Preferance Share,Not present
N180,Sundaram Clayton Ltd.,Sundaram Clayton Ltd.
S1054,Sundaram Finance Holdings Ltd.,Not present
S1055,Sundaram Finance Limited,Sundaram Finance Ltd.
S1056,Sundram Fasteners Ltd.,Sundram Fasteners Ltd.
N182,Sunflag Iron & Steel Company Ltd.,Sunflag Iron & Steel Company Ltd.
S1057,Sunteck Realty Ltd.,Sunteck Realty Ltd.
S1058,Suprajit Engineering Ltd.,Suprajit Engineering Ltd.
S1059,Supreme Industries Ltd.,Supreme Industries Ltd.
S1060,Supreme Petrochem Ltd.,Supreme Petrochem Ltd.
N183,Supriya Lifescience Ltd.,Supriya Lifescience Ltd.
S1061,Suraj Estate Developers Ltd.,Not present
N184,Surya Roshni Ltd.,Surya Roshni Ltd.
S1062,Suryoday Small Finance Bank Ltd.,Not present
S1063,Suven Life Sciences Ltd.,Not present
S1064,Suven Pharmaceuticals Ltd.,Suven Pharmaceuticals Ltd.
S1065,Suzlon Energy Ltd.,Suzlon Energy Ltd.
S1066,Swan Energy Ltd.,Swan Energy Ltd.
S1067,Swaraj Engines Ltd.,Not present
S1068,Symphony Ltd.,Not present
S1069,Syngene International Ltd.,Syngene International Ltd.
S1070,Synopsys Inc Com,Not present
S1071,Syrma SGS Technology Ltd.,Syrma SGS Technology Ltd.
S1072,Taiwan Semiconductor Manufacturing Co Ltd.,Not present
S1073,Taiwan Semiconductor Manufacturing Co. Ltd.,Not present
S1074,Taiwan Union Technology Corp,Not present
S1075,Taj GVK Hotels & Resorts Ltd.,Not present
S1076,Tamil Nadu Newsprint & Papers Ltd.,Not present
N185,Tamilnad Mercantile Bank Ltd.,Tamilnad Mercantile Bank Ltd.
S1077,Tanla Solutions Ltd.,Tanla Platforms Ltd.
S1078,Tarc Ltd.,TARC Ltd.
S1079,Taro Pharmaceutical Industries ORD SHS,Not present
S1080,Tarsons Products Ltd.,Tarsons Products Ltd.
S1081,Tata Chemicals Ltd.,Tata Chemicals Ltd.
S1082,Tata Communications Ltd.,Tata Communications Ltd.
S1083,Tata Consultancy Services Ltd.,Tata Consultancy Services Ltd.
S1084,Tata Consultancy Services Ltd. : Futures Near,Not present
S1085,Tata Consumer Products Ltd.,Tata Consumer Products Ltd.
S1086,Tata Elxsi Ltd.,Tata Elxsi Ltd.
S1087,Tata Investment Corporation Ltd.,Tata Investment Corporation Ltd.
S1088,Tata Metaliks Ltd.,Not present
N187,Tata Motors Ltd DVR,Tata Motors Ltd DVR
S1089,Tata Motors Ltd.,Tata Motors Ltd.
S1090,Tata Motors Ltd. A Class,Not present
S1091,Tata Power Co. Ltd.,Tata Power Co. Ltd.
S1092,Tata Power Co. Ltd. : Futures Near,Not present
S1093,Tata Steel Ltd.,Tata Steel Ltd.
S1094,Tata Steel Ltd. : Futures Near,Not present
S1095,Tata Technologies Ltd.,Tata Technologies Ltd.
N188,Tata Teleservices (Maharashtra) Ltd.,Tata Teleservices (Maharashtra) Ltd.
S1096,Tatva Chintan Pharma Chem Ltd.,Not present
S1097,TCI Express Ltd.,Not present
S1098,TCNS Clothing Company Ltd.,TCNS Clothing Co. Ltd.
S1099,TCPL Packaging Ltd.,Not present
S1100,TD Power Systems Ltd.,TD Power Systems Ltd.
S1101,TDK Corp,Not present
S1102,Teamlease Services Ltd.,Teamlease Services Ltd.
S1103,Tech Mahindra Ltd.,Tech Mahindra Ltd.
S1104,Tech Mahindra Ltd. : Futures Near,Not present
S1105,Techno Electric & Engineering Co. Ltd.,Techno Electric & Engineering Company Ltd.
S1106,Techtronic Industries Co. Ltd.,Not present
S1107,Tega Industries Ltd.,Tega Industries Ltd.
S1108,Tejas Networks Ltd.,Tejas Networks Ltd.
S1109,TENCENT HOLDINGS LTD,Not present
S1110,Teradyne Inc,Not present
S1111,Texmaco Rail & Engineering Ltd.,Texmaco Rail & Eng. Ltd.
S1112,Thai Beverage PCL fgn.,Not present
S1113,Thangamayil Jewellery Ltd.,Not present
S1114,The Jammu & Kashmir Bank Ltd.,Not present
N192,The New India Assurance Company Ltd.,The New India Assurance Company Ltd.
S1115,The Ramco Cements Ltd.,The Ramco Cements Ltd.
S1116,The Walt Disney Co.,Not present
S1117,Thermax Ltd.,Thermax Ltd.
S1118,Thermo Fisher Scientific Inc,Not present
N193,Thirumalai Chemicals Ltd.,Thirumalai Chemicals Ltd.
S1119,Thomas Cook (india) Ltd.,Thomas Cook (India) Ltd.
S1120,Thyrocare Technologies Ltd.,Not present
N194,Tide Water Oil (India) Ltd.,Tide Water Oil (India) Ltd.
N195,Tilaknagar Industries Ltd.,Tilaknagar Industries Ltd.
S1121,Time Technoplast Ltd.,Time Technoplast Ltd.
S1122,Timken India Ltd.,Timken India Ltd.
S1123,Tips Industries Ltd.,Tips Industries Ltd.
S1124,Tirrihannah Company Ltd.,Not present
N196,Titagarh Rail Systems Ltd.,Titagarh Rail Systems Ltd.
S1125,Titagarh Wagons,Not present
S1126,Titan Company Ltd.,Titan Company Ltd.
S1127,Titan Company Ltd. : Futures Near,Not present
S1128,TJX ORD,Not present
S1129,Tokio Marine Holdings Inc,Not present
S1130,Tokyo Electron Ltd.,Not present
S1131,Tong Yang Industry Co Ltd,Not present
S1132,Toray Industries INC.,Not present
S1133,Torrent Pharmaceuticals Ltd.,Torrent Pharmaceuticals Ltd.
S1134,Torrent Power Ltd.,Torrent Power Ltd.
S1135,Tourism Finance Corporation Of India Ltd.,Not present
S1136,Toyota Motor Corp,Not present
S1137,Tracxn Technologies Private Ltd.,Not present
S1138,Transformers & Rectifiers (India) Ltd.,Not present
S1139,Transindia Realty & Logistics Parks Ltd.,Not present
S1140,Transport Corporation Of India Ltd.,Not present
S1141,Transtream India.com Ltd,Not present
S1142,TRANSUNION,Not present
S1143,Trent Limited,Trent Ltd.
S1144,TREPS,Not present
N198,Trident Ltd.,Trident Ltd.
S1145,Tripod Technology Corporation,Not present
S1146,Triveni Engineering & Industries Ltd.,Triveni Engineering & Industries Ltd.
S1147,Triveni Turbine Ltd.,Triveni Turbine Ltd.
S1148,TTK Healthcare Ltd.,Not present
S1149,TTK Prestige Ltd.,TTK Prestige Ltd.
S1150,Tube Investments Of India Ltd.,Tube Investments of India Ltd.
S1151,TV Today Network Ltd.,Not present
S1152,TV18 Broadcast Ltd.,TV18 Broadcast Ltd.
S1153,TVS Holdings Ltd.,TVS Holdings Ltd.
S1154,TVS Holdings Ltd. Preference Shares,Not present
S1155,TVS Motor Company Ltd.,TVS Motor Company Ltd.
S1156,Tvs Srichakra Ltd.,Not present
S1157,TVS Supply Chain Solutions Ltd.,TVS Supply Chain Solutions Ltd.
S1158,Tyler Technologies Inc,Not present
N199,UCO Bank,UCO Bank
N200,UFLEX Ltd.,UFLEX Ltd.
S1159,Ujjivan Financial Services Ltd.,Ujjivan Finacial Services Ltd.
S1160,Ujjivan Small Finance Bank Ltd.,Ujjivan Small Finance Bank Ltd.
S1161,Ultratech Cement Ltd.,UltraTech Cement Ltd.
S1162,Unichem Laboratories Ltd.,Not present
S1163,Unilever PLC,Not present
S1164,Union Bank Of India,Union Bank of India
S1165,Uniparts India Ltd.,Uniparts India Ltd.
S1166,United Breweries Ltd.,United Breweries Ltd.
S1167,United Spirits Ltd.,United Spirits Ltd.
S1168,Unitedhealth Group Inc,Not present
S1169,Universal Cables Ltd.,Not present
N202,UNO Minda Ltd.,UNO Minda Ltd.
S1170,Updater Services Ltd.,Not present
S1171,UPL Ltd.,UPL Ltd.
S1172,US Bancorp,Not present
S1173,Usha Martin Ltd.,Usha Martin Ltd.
S1174,UTI Asset Management Co. Pvt. Ltd.,UTI Asset Management Company Ltd.
S1175,Utkarsh Small Finance Bank Ltd.,Utkarsh Small Finance Bank Ltd.
S1176,V.I.P. Industries Ltd,V.I.P. Industries Ltd.
N207,V.S.T Tillers Tractors Ltd.,V.S.T Tillers Tractors Ltd.
S1177,VA Tech Wabag Ltd.,Va Tech Wabag Ltd.
S1178,Vaibhav Global Ltd.,Vaibhav Global Ltd.
S1179,Valiant Organics Ltd.,Not present
N208,Valor Estate Ltd.,Valor Estate Ltd.
S1180,Vardhman Special Steels Ltd.,Not present
S1181,Vardhman Textiles Ltd.,Vardhman Textiles Ltd.
S1182,Varroc Engineering Ltd.,Varroc Engineering Ltd.
S1183,Varun Beverages Ltd.,Varun Beverages Ltd.
S1184,Vascon Engineers Ltd.,Not present
S1185,Vedant Fashions Ltd.,Vedant Fashions Ltd.
S1186,Vedanta Ltd.,Vedanta Ltd.
S1187,Veeva Systems Inc.,Not present
N209,Venky's (India) Ltd.,Venky's (India) Ltd.
S1188,Venus Pipes and Tubes Ltd.,Not present
S1189,Vesuvius India Ltd.,Not present
S1190,VGuard Industries Ltd.,V-Guard Industries Ltd.
S1191,Viatris Inc,Not present
S1192,Vijaya Diagnostic Centre Ltd.,Vijaya Diagnostic Centre Ltd.
S1193,Vimta Laboratories Ltd.,Not present
S1194,Vinati Organics Ltd.,Not present
S1195,Vindhya Telelinks Ltd.,Not present
S1196,Virtual Dynamics Software Pvt. Ltd.,Not present
S1197,Visa Inc,Not present
S1198,Vishnu Chemicals Ltd.,Not present
S1199,Vishnu Prakash R Punglia Ltd.,Not present
S1200,VMart Retail Ltd.,V-Mart Retail Ltd.
S1201,Vodafone Group Plc,Not present
S1202,Vodafone Idea Ltd.,Vodafone Idea Ltd.
S1203,Voltamp Transformers Ltd.,Voltamp Transformers Ltd
S1204,Voltas Limited,Voltas Ltd.
S1205,VRL Logistic Ltd.,VRL Logistics Ltd.
S1206,Vst Industries Ltd.,Not present
S1207,VST Tillers Tractors Ltd.,Not present
S1208,WABCO India Ltd.,Not present
S1209,Water Corp ORD,Not present
S1210,Wells Fargo ORD SHS (US),Not present
S1211,Wellwin Industry Ltd.,Not present
S1212,Welspun Corp Ltd.,Welspun Corp Ltd.
N213,Welspun Enterprises Ltd.,Welspun Enterprises Ltd.
S1213,Welspun Living Ltd.,Welspun Living Ltd.
S1214,Wendt (India) Ltd.,Not present
S1215,West Coast Paper Mills Ltd.,West Coast Paper Mills Ltd.
S1216,Western Paques (India) Ltd.,Not present
S1217,Westlife Development Ltd.,Not present
N214,Westlife Foodworld Ltd.,Westlife Foodworld Ltd.
S1218,Wheels India Ltd.,Not present
S1219,Whirlpool Of India Ltd.,Whirlpool of India Ltd.
S1220,Willard Storage Battery Ltd.,Not present
S1221,Wim Plast Ltd.,Not present
S1222,Windlas Biotech Private Ltd.,Not present
S1223,WinWay Technology Co. Ltd.,Not present
S1224,Wipro Ltd.,Wipro Ltd.
S1225,Wipro Ltd. : Futures Near,Not present
S1226,Wiwynn Corporation,Not present
S1227,Wk Kellogg Co,Not present
N215,Wockhardt Ltd.,Wockhardt Ltd.
S1228,Wonderla Holidays Ltd.,Wonderla Holidays Ltd.
S1229,Workday Inc Class A,Not present
S1230,WPIL Ltd.,Not present
S1231,WuXi Biologics (Cayman) Inc.,Not present
S1232,Wuxi Xdc Cayman Inc,Not present
S1233,Xelpmoc Design and Tech Ltd.,Not present
S1234,Xinyi Solar Holdings Ltd.,Not present
S1235,Xtep International Holdings Ltd.,Not present
S1236,Xtrackers Harvest CSI 300 China AShares ETF,Not present
S1237,Yatharth Hospital And Trauma Care Services Ltd.,Yatharth Hospital & Trauma Care Services Ltd.
S1238,Yatra Online Ltd.,Not present
N217,Yes Bank Ltd.,Yes Bank Ltd.
S1239,Yum China Holdings Inc.,Not present
S1240,Zaggle Prepaid Ocean Service Pvt Ltd.,Not present
S1241,Zee Entertainment Enterprises Ltd.,Zee Entertainment Enterprises Ltd.
N218,Zen Technologies Ltd.,Zen Technologies Ltd.
S1242,Zensar Technologies Ltd.,Zensar Technolgies Ltd.
N220,ZF Commercial Vehicle Control Systems India Ltd.,ZF Commercial Vehicle Control Systems India Ltd.
S1243,Zimmer Biomet Holdings Inc.,Not present
S1244,Zomato Ltd.,Zomato Ltd.
S1245,Zoom Video Communications Inc,Not present
S1246,Zuari Agro Chemicals Ltd.,Not present
S1247,Zydus Lifesciences Ltd.,Zydus Lifesciences Ltd.
S1248,Zydus Wellness Ltd.,Zydus Wellness Ltd.
A1,Godrej Properties Ltd.,Godrej Properties Ltd.
A2,Sanghvi Movers Ltd.,Sanghvi Movers Ltd.
